norec,mean_SI,std_SI,week_count,min_SI,max_SI,deviation_from_overall,uniformity
225,0.7469,0.2042,16,0.4409,1.0,0.08566620593692031,0.897105833354698
241,0.7586,0.1831,17,0.5362,1.0,0.07396620593692027,0.9111587698257785
297,0.8039,0.1754,17,0.529,1.0,0.028666205936920375,0.9655688571881667
298,0.749,0.192,17,0.5132,1.0,0.08356620593692032,0.8996281552854047
302,0.748,0.151,17,0.5798,1.0,0.08456620593692032,0.8984270496041158
303,0.7845,0.1569,16,0.6073,1.0,0.04806620593692035,0.9422674069711615
307,0.7164,0.2054,16,0.469,1.0,0.11616620593692029,0.8604721100753858
349,0.7772,0.1844,16,0.5378,1.0,0.05536620593692032,0.9334993354977524
380,0.7956,0.1576,17,0.6299,1.0,0.03696620593692035,0.9555996800334686
387,0.8133,0.1526,16,0.6173,1.0,0.0192662059369203,0.9768592505922826
388,0.813,0.1509,16,0.6281,1.0,0.019566205936920378,0.9764989188878959
432,0.7746,0.1722,17,0.5873,1.0,0.05796620593692037,0.9303764607264011
458,0.7542,0.1632,17,0.5647,1.0,0.07836620593692034,0.9058739048281071
469,0.7186,0.1767,16,0.5219,1.0,0.1139662059369203,0.8631145425742215
470,0.8739,0.1507,16,0.6328,1.0,0.04133379406307969,0.9503537451216085
472,0.7656,0.1642,16,0.5836,1.0,0.06696620593692038,0.9195665095948008
473,0.7664,0.1914,17,0.5129,1.0,0.06616620593692035,0.920527394139832
484,0.8035,0.1745,16,0.6029,1.0,0.02906620593692033,0.9650884149156511
487,0.8689,0.1496,17,0.6267,1.0,0.03633379406307968,0.9563592735280532
488,0.7922,0.1974,16,0.5267,1.0,0.04036620593692031,0.9515159207170862
489,0.7053,0.1924,16,0.5265,1.0,0.12726620593692028,0.8471398370130787
490,0.7505,0.1758,17,0.5541,1.0,0.08206620593692038,0.901429813807338
491,0.7374,0.1633,17,0.5508,1.0,0.09516620593692027,0.8856953293824532
497,0.8231,0.1561,17,0.5538,1.0,0.009466205936920269,0.9886300862689141
498,0.724,0.1914,17,0.5261,1.0,0.10856620593692035,0.8696005132531816
503,0.761,0.1907,17,0.4749,1.0,0.07156620593692031,0.9140414234608718
504,0.8493,0.1638,17,0.5759,1.0,0.016733794063079732,0.9799009448813161
512,0.7874,0.1929,17,0.4681,1.0,0.045166205936920334,0.9457506134468994
514,0.69,0.1676,17,0.5373,1.0,0.14256620593692038,0.828762920089358
515,0.8751,0.1563,17,0.5666,1.0,0.042533794063079666,0.9489124183040619
536,0.8962,0.1474,16,0.5663,1.0,0.06363379406307967,0.9235690884288655
541,0.7936,0.1613,16,0.5435,0.9987,0.03896620593692035,0.9531974686708907
546,0.837,0.1615,17,0.5264,1.0,0.0044337940630796435,0.9946745447611699
552,0.8648,0.1448,17,0.5988,1.0,0.03223379406307969,0.9612838068213377
560,0.8507,0.1677,17,0.5699,1.0,0.01813379406307969,0.9782193969275116
562,0.8455,0.1676,17,0.5785,1.0,0.012933794063079707,0.984465146470214
565,0.9017,0.1333,16,0.6295,1.0,0.06913379406307962,0.9169630071817765
566,0.8296,0.1889,17,0.5208,1.0,0.0029662059369203186,0.996437273197292
569,0.8965,0.1466,16,0.5785,1.0,0.06393379406307964,0.9232087567244789
570,0.8575,0.1695,17,0.5284,1.0,0.024933794063079717,0.9700518782947469
597,0.8113,0.1693,16,0.5354,0.9817,0.0212662059369203,0.9744570392297047
598,0.8414,0.1519,16,0.5515,0.9918,0.008833794063079714,0.9893896797634986
601,0.8015,0.1851,16,0.4839,0.9914,0.031066205936920332,0.9626862035530732
602,0.8856,0.139,17,0.5677,1.0,0.05303379406307973,0.9363008086505281
606,0.8622,0.1464,17,0.5592,1.0,0.029633794063079644,0.964406681592689
608,0.8949,0.1389,16,0.5831,1.0,0.062333794063079706,0.9251305258145411
609,0.8611,0.1458,16,0.5632,1.0,0.028533794063079654,0.9657278978421069
627,0.8634,0.1777,17,0.5446,1.0,0.030833794063079623,0.9629653547751423
638,0.8449,0.1921,16,0.5231,1.0,0.012333794063079662,0.9851858098789874
642,0.827,0.2097,16,0.4789,1.0,0.005566205936920365,0.9933143984259408
643,0.831,0.2165,17,0.4698,1.0,0.0015662059369203618,0.9981188211510965
645,0.8045,0.2233,17,0.4523,1.0,0.02806620593692033,0.9662895205969401
646,0.821,0.2043,17,0.5067,1.0,0.01156620593692037,0.9861077643382072
653,0.8087,0.2445,16,0.4383,1.0,0.02386620593692035,0.9713341644583535
654,0.8508,0.2041,16,0.4775,1.0,0.018233794063079678,0.9780992863593827
655,0.8185,0.2226,16,0.4551,1.0,0.014066205936920317,0.983105000134985
659,0.8708,0.1717,17,0.4977,1.0,0.038233794063079696,0.9540771727336043
662,0.8291,0.245,16,0.4083,1.0,0.0034662059369203746,0.9958367203566475
663,0.8547,0.1643,17,0.5725,1.0,0.022133794063079693,0.9734149742023559
664,0.8936,0.1421,16,0.5636,1.0,0.06103379406307963,0.9266919632002169
671,0.8204,0.1826,17,0.5342,1.0,0.012166205936920305,0.9853871009294339
672,0.9014,0.1357,16,0.5954,1.0,0.06883379406307966,0.9173233388861631
693,0.8835,0.1397,17,0.5524,1.0,0.05093379406307963,0.9388231305812349
705,0.897,0.1425,16,0.5698,1.0,0.0644337940630797,0.9226082038838344
718,0.8899,0.0815,14,0.7242,1.0,0.0573337940630797,0.9311360542209858
722,0.8661,0.1618,16,0.5233,1.0,0.03353379406307966,0.9597223694356622
726,0.885,0.1628,17,0.4942,1.0,0.052433794063079686,0.9370214720593015
730,0.8982,0.1807,16,0.502,1.0,0.06563379406307968,0.9211668770662877
731,0.8905,0.15,17,0.5616,1.0,0.057933794063079636,0.9304153908122125
732,0.8479,0.1697,17,0.5238,1.0,0.015333794063079664,0.9815824928351207
736,0.8643,0.1744,17,0.5369,1.0,0.031733794063079634,0.9618843596619823
738,0.8131,0.2417,16,0.4522,1.0,0.019466205936920278,0.9766190294560249
739,0.8717,0.205,16,0.4804,1.0,0.03913379406307971,0.9529961776204442
744,0.8766,0.1971,17,0.4813,1.0,0.04403379406307972,0.9471107597821284
746,0.8818,0.1594,16,0.5492,1.0,0.049233794063079706,0.940865010239426
747,0.82,0.2027,17,0.51,1.0,0.012566205936920372,0.9849066586569183
752,0.9304,0.1335,15,0.5464,1.0,0.09783379406307968,0.8824912741287843
753,0.8675,0.1969,16,0.4842,1.0,0.034933794063079726,0.9580408214818577
754,0.7539,0.2218,17,0.3619,1.0,0.07866620593692031,0.9055135731237205
758,0.8071,0.1701,16,0.5325,1.0,0.025466205936920283,0.9694123953682913
759,0.82,0.2081,16,0.4915,1.0,0.012566205936920372,0.9849066586569183
762,0.8422,0.2107,17,0.4656,1.0,0.009633794063079626,0.9884287952184675
763,0.7798,0.1899,17,0.4779,1.0,0.052766205936920274,0.9366222102691036
767,0.8796,0.1604,17,0.5455,1.0,0.047033794063079726,0.9435074427382616
771,0.8013,0.193,16,0.5419,1.0,0.03126620593692031,0.9624459824168154
772,0.8295,0.1999,17,0.4596,1.0,0.0030662059369203076,0.9963171626291631
776,0.7455,0.1704,16,0.5454,0.9641,0.08706620593692027,0.8954242854008936
777,0.8116,0.1773,17,0.5628,0.9958,0.020966205936920335,0.9748173709340914
778,0.8188,0.1358,17,0.5455,1.0,0.01376620593692035,0.9834653318393717
783,0.8513,0.1589,16,0.5835,0.9998,0.018733794063079623,0.9774987335187383
784,0.8446,0.1626,16,0.567,1.0,0.012033794063079695,0.9855461415833741
786,0.7228,0.1805,17,0.5214,1.0,0.10976620593692032,0.8681591864356348
787,0.7343,0.1789,16,0.5615,1.0,0.09826620593692037,0.8819719017704575
792,0.7821,0.1641,17,0.6029,1.0,0.050466205936920305,0.9393847533360682
801,0.7769,0.1682,17,0.5908,1.0,0.05566620593692029,0.9331390037933658
802,0.8562,0.1527,16,0.6052,1.0,0.02363379406307964,0.9716133156804225
809,0.7887,0.1533,16,0.6226,1.0,0.043866205936920366,0.947312050832575
820,0.8206,0.1541,16,0.6314,1.0,0.011966205936920327,0.9856273220656917
821,0.9263,0.1165,17,0.6284,1.0,0.09373379406307969,0.8874158074220689
824,0.8256,0.1562,16,0.6318,1.0,0.006966205936920322,0.9916328504721363
828,0.7211,0.1993,16,0.4884,0.9964,0.11146620593692036,0.8661173067774437
829,0.8672,0.1498,17,0.5884,1.0,0.03463379406307965,0.9584011531862444
830,0.7764,0.1734,16,0.5755,1.0,0.056166205936920344,0.9325384509527213
834,0.821,0.1729,16,0.561,1.0,0.01156620593692037,0.9861077643382072
858,0.8043,0.1505,16,0.6302,1.0,0.028266205936920308,0.9660492994606823
862,0.8581,0.1347,17,0.6669,1.0,0.02553379406307965,0.9693312148859736
864,0.8095,0.172,16,0.5887,1.0,0.023066205936920325,0.9722950490033847
865,0.9123,0.1255,17,0.6266,1.0,0.07973379406307968,0.9042312869601139
870,0.8436,0.16,16,0.6046,1.0,0.011033794063079694,0.986747247264663
874,0.8367,0.1861,17,0.5405,1.0,0.0041337940630796766,0.9950348764655566
876,0.8254,0.1517,17,0.6133,1.0,0.0071662059369203,0.9913926293358786
877,0.854,0.1443,17,0.645,1.0,0.02143379406307966,0.9742557481792582
880,0.8145,0.1741,17,0.5773,1.0,0.01806620593692032,0.9783005774098293
881,0.8811,0.1618,17,0.5463,1.0,0.04853379406307967,0.9417057842163283
883,0.8,0.1538,17,0.648,1.0,0.03256620593692028,0.96088454503114
884,0.8111,0.153,16,0.6349,1.0,0.02146620593692028,0.974216818093447
887,0.8255,0.2108,17,0.4292,1.0,0.007066205936920311,0.9915127399040075
888,0.9121,0.1498,16,0.5301,1.0,0.0795337940630797,0.9044715080963717
894,0.7676,0.1671,16,0.5905,1.0,0.06496620593692037,0.9219687209573787
923,0.7976,0.1426,16,0.639,1.0,0.03496620593692035,0.9580018913960464
924,0.8848,0.1682,16,0.5029,1.0,0.05223379406307971,0.9372616931955593
925,0.8493,0.1787,16,0.528,1.0,0.016733794063079732,0.9799009448813161
927,0.8148,0.1382,17,0.6698,1.0,0.017766205936920354,0.978660909114216
928,0.9133,0.1459,17,0.5158,1.0,0.08073379406307968,0.903030181278825
929,0.8774,0.1548,17,0.5427,1.0,0.044833794063079635,0.9461498752370974
939,0.8459,0.1831,17,0.5187,1.0,0.013333794063079663,0.9839847041976985
943,0.7743,0.1571,17,0.5491,1.0,0.058266205936920334,0.9300161290220145
944,0.7501,0.1505,16,0.5985,1.0,0.08246620593692033,0.9009493715348225
947,0.7174,0.1997,17,0.5052,1.0,0.11516620593692029,0.8616732157566748
948,0.8606,0.1556,17,0.6166,1.0,0.02803379406307971,0.9663284506827512
949,0.8848,0.134,17,0.6459,1.0,0.05223379406307971,0.9372616931955593
952,0.8771,0.1373,17,0.6429,1.0,0.04453379406307967,0.946510206941484
967,0.8673,0.1409,16,0.6593,1.0,0.03473379406307964,0.9582810426181155
968,0.8663,0.143,16,0.6502,1.0,0.033733794063079636,0.9594821482994045
981,0.8971,0.1334,16,0.6443,1.0,0.06453379406307969,0.9224880933157055
982,0.8776,0.1427,17,0.6182,1.0,0.045033794063079724,0.9459096541008395
1004,0.788,0.162,17,0.6109,1.0,0.04456620593692029,0.9464712768556728
1006,0.7493,0.1552,16,0.6068,1.0,0.08326620593692036,0.8999884869897914
1007,0.8345,0.1639,17,0.5997,1.0,0.0019337940630796968,0.9976773089643922
1010,0.8783,0.1483,16,0.6079,1.0,0.04573379406307965,0.9450688801239373
1017,0.7633,0.1483,16,0.6327,1.0,0.06926620593692034,0.9168039665278364
1024,0.8497,0.177,16,0.5612,1.0,0.017133794063079688,0.9794205026088005
1025,0.8372,0.1788,17,0.5736,1.0,0.0046337940630797325,0.994434323624912
1026,0.8204,0.137,17,0.6627,1.0,0.012166205936920305,0.9853871009294339
1031,0.8247,0.135,17,0.67,1.0,0.007866205936920334,0.9905518553589763
1032,0.8192,0.18,16,0.5792,1.0,0.013366205936920283,0.9839457741118873
1033,0.9159,0.13,16,0.5885,1.0,0.08333379406307972,0.8999073065074736
1039,0.8047,0.1791,16,0.5954,1.0,0.027866205936920352,0.9665297417331978
1040,0.7198,0.2013,16,0.4492,0.9958,0.11276620593692033,0.8645558693917681
1043,0.8225,0.171,17,0.6073,1.0,0.010066205936920314,0.9879094228601407
1044,0.933,0.1351,15,0.5259,1.0,0.10043379406307973,0.879368399357433
1046,0.9115,0.1334,16,0.5547,1.0,0.07893379406307965,0.905192171505145
1047,0.7079,0.2253,17,0.4175,1.0,0.12466620593692035,0.8502627117844299
1048,0.6841,0.2086,17,0.4137,1.0,0.14846620593692028,0.8216763965697536
1052,0.7802,0.1675,16,0.587,1.0,0.05236620593692032,0.9371026525416192
1053,0.7463,0.2197,16,0.4476,1.0,0.08626620593692036,0.8963851699459245
1054,0.7944,0.1795,16,0.5532,1.0,0.03816620593692033,0.9541583532159219
1099,0.765,0.1948,17,0.4644,1.0,0.06756620593692031,0.9188458461860275
1100,0.7499,0.2048,16,0.4504,1.0,0.08266620593692031,0.9007091503985648
1103,0.7452,0.1951,17,0.5092,1.0,0.08736620593692035,0.8950639536965068
1104,0.7296,0.2334,16,0.3875,1.0,0.1029662059369203,0.8763267050683996
1109,0.7583,0.186,17,0.5523,1.0,0.07426620593692035,0.9107984381213917
1120,0.8412,0.1522,17,0.6425,1.0,0.008633794063079625,0.9896299008997564
1121,0.7805,0.1552,16,0.6251,1.0,0.05206620593692035,0.9374629842460058
1130,0.8078,0.1547,16,0.6174,1.0,0.02476620593692036,0.9702531693451935
1131,0.7601,0.1683,17,0.5857,1.0,0.07246620593692032,0.9129604283477117
1132,0.8694,0.1451,17,0.6468,1.0,0.03683379406307963,0.9557587206874087
1138,0.8759,0.1435,17,0.6269,1.0,0.04333379406307969,0.9479515337590307
1139,0.8573,0.141,17,0.6528,1.0,0.024733794063079628,0.9702920994310048
1142,0.8639,0.1502,16,0.6133,1.0,0.03133379406307968,0.9623648019344978
1143,0.8977,0.1395,16,0.5998,1.0,0.06513379406307973,0.9217674299069321
1149,0.8964,0.138,17,0.6251,1.0,0.06383379406307965,0.9233288672926078
1151,0.8715,0.1603,17,0.5946,1.0,0.03893379406307973,0.953236398756702
1152,0.7263,0.2522,17,0.3472,1.0,0.10626620593692038,0.8723630563201461
1157,0.7742,0.1541,17,0.6227,1.0,0.05836620593692032,0.9298960184538856
1158,0.744,0.1583,16,0.5858,1.0,0.08856620593692033,0.8936226268789601
1159,0.6659,0.2354,17,0.3906,1.0,0.16666620593692028,0.7998162731702951
1163,0.7677,0.1566,17,0.6093,1.0,0.06486620593692027,0.9220888315255077
1166,0.851,0.1768,16,0.4981,1.0,0.018433794063079656,0.9778590652231249
1167,0.7301,0.2459,16,0.3845,1.0,0.10246620593692035,0.876927257909044
1171,0.7908,0.1479,16,0.6279,1.0,0.041766205936920375,0.9498343727632818
1175,0.8824,0.1325,17,0.6607,1.0,0.04983379406307964,0.9401443468306527
1176,0.8471,0.1494,17,0.6302,1.0,0.014533794063079641,0.9825433773801517
1181,0.7689,0.1571,17,0.6117,1.0,0.0636662059369203,0.9235301583430544
1183,0.811,0.209,17,0.4829,1.0,0.02156620593692027,0.9740967075253181
1184,0.7964,0.1481,16,0.6364,1.0,0.036166205936920326,0.9565605645784998
1185,0.7922,0.1463,16,0.6469,1.0,0.04036620593692031,0.9515159207170862
1189,0.7962,0.1439,16,0.6397,1.0,0.036366205936920304,0.956320343442242
1202,0.9147,0.1436,15,0.5071,1.0,0.08213379406307963,0.9013486333250205
1203,0.7726,0.1609,16,0.58,1.0,0.05996620593692037,0.9279742493638233
1204,0.8757,0.1854,16,0.5131,1.0,0.04313379406307971,0.9481917548952885
1207,0.8014,0.1614,16,0.5866,1.0,0.03116620593692032,0.9625660929849443
1208,0.8255,0.1713,16,0.495,0.9987,0.007066205936920311,0.9915127399040075
1209,0.7854,0.1706,17,0.5764,1.0,0.047166205936920336,0.9433484020843216
1210,0.8161,0.1512,16,0.6018,1.0,0.016466205936920275,0.9802223464998916
1213,0.7973,0.1547,17,0.6335,1.0,0.035266205936920314,0.9576415596916598
1217,0.872,0.1801,16,0.468,1.0,0.039433794063079675,0.9526358459160575
1221,0.8249,0.157,17,0.5349,1.0,0.007666205936920356,0.990792076495234
1222,0.8058,0.1694,17,0.5236,1.0,0.026766205936920362,0.9678509579826156
1232,0.8116,0.1879,16,0.4155,1.0,0.020966205936920335,0.9748173709340914
1235,0.8109,0.1905,16,0.4941,0.9923,0.02166620593692037,0.9739765969571891
1239,0.8553,0.1687,16,0.5214,1.0,0.022733794063079626,0.9726943107935826
1243,0.8547,0.1948,17,0.4663,1.0,0.022133794063079693,0.9734149742023559
1244,0.8062,0.1928,16,0.5534,1.0,0.026366205936920295,0.9683314002551312
1257,0.7314,0.2477,17,0.3891,1.0,0.10116620593692027,0.8784886952947197
1258,0.8358,0.1869,17,0.5206,1.0,0.0032337940630796647,0.9961158715787166
1259,0.8112,0.1448,17,0.652,1.0,0.02136620593692029,0.9743369286615758
1264,0.826,0.15,17,0.6135,1.0,0.006566205936920366,0.9921132927446519
1265,0.5756,0.2333,17,0.3494,1.0,0.2569662059369203,0.6913564301499051
1266,0.7756,0.1689,17,0.5901,1.0,0.05696620593692037,0.9315775664076901
1269,0.7351,0.2044,17,0.4774,1.0,0.09746620593692035,0.8829327863154887
1273,0.8192,0.1431,16,0.6492,1.0,0.013366205936920283,0.9839457741118873
1286,0.7573,0.1994,17,0.4941,1.0,0.07526620593692035,0.9095973324401028
1288,0.7701,0.1567,17,0.6074,1.0,0.062466205936920316,0.924971485160601
1289,0.7224,0.1779,17,0.5194,1.0,0.11016620593692028,0.8676787441631194
1290,0.8655,0.1736,17,0.4961,1.0,0.032933794063079724,0.9604430328444354
1292,0.7303,0.2141,16,0.4305,1.0,0.10226620593692037,0.8771674790453018
1293,0.886,0.1473,16,0.6049,1.0,0.05343379406307969,0.9358203663780126
1296,0.8847,0.1596,17,0.5578,1.0,0.05213379406307972,0.9373818037636881
1304,0.7504,0.1764,17,0.5123,1.0,0.08216620593692037,0.9013097032392091
1305,0.8171,0.1493,16,0.5825,1.0,0.015466205936920274,0.9814234521811805
1308,0.7473,0.1433,17,0.6022,1.0,0.08526620593692036,0.8975862756272135
1310,0.8537,0.154,16,0.6447,1.0,0.02113379406307969,0.9746160798836448
1314,0.9084,0.1214,17,0.6327,1.0,0.07583379406307966,0.9089155991171407
1320,0.8265,0.1511,17,0.5952,1.0,0.00606620593692031,0.9927138455852964
1323,0.8791,0.1295,16,0.6794,1.0,0.04653379406307967,0.9441079955789061
1324,0.8654,0.1441,16,0.6488,1.0,0.032833794063079624,0.9605631434125645
1325,0.8611,0.1349,17,0.6657,1.0,0.028533794063079654,0.9657278978421069
1339,0.8726,0.1421,17,0.6602,1.0,0.04003379406307972,0.9519151825072841
1340,0.8749,0.1827,16,0.4656,1.0,0.04233379406307969,0.9491526394403196
1344,0.9011,0.1623,17,0.5109,1.0,0.06853379406307969,0.9176836705905498
1351,0.7804,0.1689,17,0.5766,1.0,0.05216620593692034,0.9373428736778769
1352,0.8642,0.161,17,0.5538,1.0,0.031633794063079645,0.9620044702301112
1353,0.822,0.1493,17,0.6174,1.0,0.01056620593692037,0.9873088700194962
1368,0.7861,0.1507,16,0.62,1.0,0.0464662059369203,0.9441891760612239
1369,0.901,0.1366,17,0.6013,1.0,0.0684337940630797,0.9178037811586787
1370,0.8039,0.1504,17,0.635,1.0,0.028666205936920375,0.9655688571881667
1371,0.8114,0.1451,17,0.6533,1.0,0.021166205936920313,0.9745771497978336
1380,0.8039,0.1482,17,0.6453,1.0,0.028666205936920375,0.9655688571881667
1394,0.769,0.1561,17,0.616,1.0,0.0635662059369203,0.9236502689111832
1395,0.7703,0.1559,17,0.5974,1.0,0.06226620593692034,0.9252117062968588
1398,0.7838,0.1687,17,0.5875,1.0,0.04876620593692027,0.9414266329942593
1399,0.7898,0.1492,16,0.6227,1.0,0.042766205936920376,0.9486332670819928
1404,0.7716,0.1547,17,0.5949,1.0,0.06096620593692037,0.9267731436825344
1410,0.8579,0.1783,17,0.4801,1.0,0.025333794063079673,0.9695714360222314
1415,0.7297,0.1898,17,0.4635,1.0,0.10286620593692031,0.8764468156365285
1416,0.8156,0.1426,17,0.65,1.0,0.01696620593692033,0.9796217936592471
1419,0.8055,0.1452,17,0.6488,1.0,0.02706620593692033,0.967490626278229
1420,0.7654,0.1515,17,0.5974,1.0,0.06716620593692035,0.919326288458543
1424,0.8731,0.1384,16,0.6361,1.0,0.040533794063079664,0.9513146296666397
1425,0.8116,0.1498,16,0.6366,1.0,0.020966205936920335,0.9748173709340914
1444,0.8055,0.1448,17,0.6494,1.0,0.02706620593692033,0.967490626278229
1445,0.8022,0.1485,16,0.6303,1.0,0.0303662059369203,0.9635269775299755
1450,0.8073,0.1504,16,0.64,1.0,0.025266205936920305,0.969652616504549
1454,0.837,0.1623,16,0.6115,1.0,0.0044337940630796435,0.9946745447611699
1460,0.9017,0.1321,17,0.5823,1.0,0.06913379406307962,0.9169630071817765
1461,0.6893,0.2361,17,0.4176,1.0,0.1432662059369203,0.827922146112456
1462,0.8129,0.1417,16,0.6456,0.999,0.019666205936920367,0.976378808319767
1468,0.8743,0.1384,17,0.6372,1.0,0.04173379406307964,0.949873302849093
1469,0.8732,0.137,17,0.636,1.0,0.04063379406307965,0.9511945190985108
1470,0.8142,0.2058,17,0.4499,1.0,0.018366205936920288,0.9779402457054427
1481,0.8735,0.169,17,0.5138,1.0,0.04093379406307973,0.9508341873941241
1482,0.8845,0.1765,17,0.4911,1.0,0.05193379406307963,0.9376220248999461
1488,0.7991,0.2164,16,0.4123,1.0,0.03346620593692029,0.9598035499179799
1489,0.8123,0.2105,17,0.3808,1.0,0.0202662059369203,0.9756581449109937
1494,0.8041,0.148,16,0.6279,1.0,0.028466205936920286,0.9658090783244245
1504,0.6336,0.2004,16,0.3882,0.9557,0.19896620593692027,0.7610205596646629
1505,0.7962,0.1561,16,0.6263,1.0,0.036366205936920304,0.956320343442242
1509,0.9069,0.1277,16,0.6245,1.0,0.07433379406307972,0.910717257639074
1510,0.8198,0.1523,17,0.6206,1.0,0.01276620593692035,0.9846664375206605
1523,0.9633,0.059,14,0.7798,1.0,0.13073379406307972,0.8429748972143787
1528,0.7863,0.1765,16,0.5708,0.9943,0.046266205936920324,0.9444293971974816
1532,0.8417,0.1516,17,0.6293,1.0,0.009133794063079681,0.9890293480591119
1533,0.9236,0.1306,17,0.595,1.0,0.09103379406307965,0.890658792761549
1536,0.9405,0.1124,15,0.5917,1.0,0.10793379406307968,0.8703601067477662
1539,0.8721,0.1356,17,0.6444,1.0,0.039533794063079664,0.9525157353479287
1540,0.8502,0.1437,17,0.6383,1.0,0.017633794063079633,0.9788199497681561
1543,0.8866,0.1392,17,0.6352,1.0,0.05403379406307973,0.9350997029692392
1544,0.9084,0.1247,17,0.6217,1.0,0.07583379406307966,0.9089155991171407
1561,0.8855,0.1349,17,0.6354,1.0,0.05293379406307963,0.9364209192186571
1562,0.9097,0.1269,17,0.6264,1.0,0.07713379406307963,0.9073541617314651
1563,0.8204,0.2163,17,0.3787,1.0,0.012166205936920305,0.9853871009294339
1567,0.9177,0.1522,16,0.5125,1.0,0.08513379406307964,0.8977453162811537
1568,0.9379,0.12,15,0.5707,1.0,0.10533379406307963,0.8734829815191174
1574,0.8806,0.1375,16,0.6294,1.0,0.04803379406307973,0.9423063370569728
1575,0.8902,0.1355,17,0.6259,1.0,0.05763379406307967,0.9307757225165991
1576,0.9453,0.0912,15,0.6704,1.0,0.1127337940630797,0.8645947994775793
1592,0.9233,0.1306,16,0.5741,1.0,0.09073379406307969,0.8910191244659357
1596,0.7669,0.2366,16,0.4117,1.0,0.0656662059369203,0.9211279469804765
1598,0.9135,0.1218,17,0.6183,1.0,0.08093379406307966,0.9027899601425672
1599,0.9213,0.1316,17,0.5789,1.0,0.08873379406307969,0.8934213358285135
1600,0.8916,0.1511,16,0.5505,1.0,0.059033794063079625,0.9290941745627946
1608,0.7691,0.1985,17,0.4923,1.0,0.06346620593692032,0.9237703794793122
1613,0.9322,0.1233,16,0.6149,1.0,0.0996337940630797,0.8803292839024642
1619,0.8439,0.1613,16,0.5977,1.0,0.01133379406307966,0.9863869155602764
1623,0.8211,0.2037,17,0.4574,1.0,0.01146620593692027,0.9862278749063362
1629,0.9173,0.1187,17,0.6475,1.0,0.08473379406307968,0.8982257585536693
1633,0.9182,0.1221,17,0.6354,1.0,0.0856337940630797,0.8971447634405092
1635,0.8714,0.1744,17,0.4828,1.0,0.03883379406307963,0.953356509324831
1636,0.8528,0.166,16,0.5698,1.0,0.02023379406307968,0.9756970749968049
1637,0.8117,0.1821,17,0.5651,1.0,0.020866205936920346,0.9749374815022203
1646,0.9241,0.1182,16,0.6374,1.0,0.09153379406307971,0.8900582399209045
1650,0.7541,0.1924,16,0.512,1.0,0.07846620593692033,0.9057537942599783
1652,0.8213,0.1655,16,0.5966,1.0,0.011266205936920293,0.986468096042594
1653,0.83,0.156,16,0.6194,1.0,0.0025662059369203627,0.9969177154698076
1659,0.8159,0.1834,17,0.557,1.0,0.016666205936920364,0.9799821253636337
1661,0.9078,0.1342,17,0.5793,1.0,0.07523379406307973,0.909636262525914
1662,0.7537,0.193,17,0.5152,1.0,0.07886620593692029,0.9052733519874627
1664,0.9034,0.119,17,0.6539,1.0,0.07083379406307966,0.9149211275235853
1665,0.8982,0.126,16,0.6481,1.0,0.06563379406307968,0.9211668770662877
1670,0.9151,0.1342,16,0.5612,1.0,0.0825337940630797,0.9008681910525048
1680,0.7361,0.2086,17,0.451,1.0,0.09646620593692035,0.8841338919967776
1685,0.9382,0.1292,15,0.5144,1.0,0.10563379406307971,0.8731226498147306
1688,0.9368,0.1051,17,0.6492,1.0,0.10423379406307964,0.8748041977685352
1690,0.9201,0.1203,16,0.6182,1.0,0.0875337940630797,0.8948626626460602
1691,0.8799,0.146,17,0.6046,1.0,0.04733379406307969,0.9431471110338749
1695,0.7668,0.2231,17,0.4149,1.0,0.06576620593692029,0.9210078364123476
1703,0.74,0.2389,16,0.4055,1.0,0.09256620593692033,0.8888182041538044
1715,0.6732,0.2728,17,0.3209,1.0,0.1593662059369203,0.8085843446437042
1724,0.736,0.2254,16,0.3762,1.0,0.09656620593692034,0.8840137814286487
1727,0.8319,0.1655,16,0.5883,1.0,0.0006662059369203499,0.9991998162642566
1728,0.8266,0.1917,17,0.524,1.0,0.005966205936920321,0.9928339561534253
1742,0.7228,0.2536,17,0.4036,1.0,0.10976620593692032,0.8681591864356348
1743,0.7126,0.2377,16,0.4168,1.0,0.11996620593692031,0.8559079084864879
1744,0.7014,0.248,16,0.4057,1.0,0.1311662059369203,0.8424555248560519
1745,0.7145,0.2153,16,0.447,1.0,0.1180662059369203,0.8581900092809368
1750,0.8337,0.1996,16,0.4451,1.0,0.001133794063079674,0.9986381935094234
1755,0.9583,0.0678,14,0.7471,1.0,0.12573379406307972,0.8489804256208233
1766,0.8182,0.1948,17,0.5209,1.0,0.014366205936920284,0.9827446684305984
1770,0.7558,0.2418,17,0.3917,1.0,0.0767662059369203,0.9077956739181694
1771,0.7844,0.2027,17,0.4129,1.0,0.04816620593692034,0.9421472964030326
1772,0.8013,0.1879,16,0.5347,1.0,0.03126620593692031,0.9624459824168154
1773,0.8914,0.1418,16,0.6209,1.0,0.05883379406307965,0.9293343956990524
1781,0.9178,0.1415,17,0.5276,1.0,0.08523379406307963,0.8976252057130248
1783,0.8868,0.1622,16,0.5166,1.0,0.05423379406307971,0.9348594818329814
1784,0.8743,0.1706,17,0.4802,1.0,0.04173379406307964,0.949873302849093
1785,0.9144,0.1389,16,0.5773,1.0,0.08183379406307967,0.9017089650294071
1786,0.907,0.1611,16,0.5058,1.0,0.0744337940630797,0.9105971470709451
1787,0.9116,0.1551,16,0.5056,1.0,0.07903379406307964,0.9050720609370162
1793,0.7634,0.2491,17,0.3801,1.0,0.06916620593692036,0.9169240770959652
1798,0.7451,0.2284,17,0.4057,1.0,0.08746620593692034,0.8949438431283779
1799,0.9141,0.1276,17,0.6126,1.0,0.0815337940630797,0.9020692967337938
1800,0.9009,0.1675,17,0.4856,1.0,0.06833379406307971,0.9179238917268076
1801,0.898,0.139,17,0.6131,1.0,0.0654337940630797,0.9214070982025454
1808,0.7431,0.2407,17,0.4523,1.0,0.08946620593692034,0.8925416317658
1809,0.8332,0.2187,17,0.4714,1.0,0.000633794063079729,0.9992387463500677
1812,0.8228,0.1979,17,0.5018,1.0,0.009766205936920347,0.9882697545645274
1813,0.7796,0.2121,17,0.4891,1.0,0.05296620593692036,0.9363819891328458
1821,0.9271,0.127,15,0.5791,1.0,0.09453379406307971,0.8864549228770378
1822,0.8891,0.1558,16,0.5314,1.0,0.05653379406307968,0.932096938766017
1823,0.8623,0.1602,17,0.5873,1.0,0.029733794063079633,0.9642865710245602
1824,0.9162,0.123,17,0.6288,1.0,0.08363379406307969,0.899546974803087
1828,0.9071,0.1213,16,0.6621,1.0,0.0745337940630797,0.9104770365028162
1829,0.8996,0.131,17,0.617,1.0,0.06703379406307963,0.9194853291124833
1837,0.8223,0.1849,17,0.5472,1.0,0.010266205936920292,0.987669201723883
1838,0.9078,0.1297,17,0.597,1.0,0.07523379406307973,0.909636262525914
1839,0.8575,0.1811,17,0.5169,1.0,0.024933794063079717,0.9700518782947469
1846,0.9208,0.1499,16,0.5636,1.0,0.08823379406307963,0.894021888669158
1847,0.8598,0.165,16,0.6084,1.0,0.027233794063079686,0.9672893352277824
1854,0.7505,0.2339,17,0.4505,1.0,0.08206620593692038,0.901429813807338
1855,0.8448,0.1926,17,0.4904,1.0,0.012233794063079673,0.9853059204471163
1860,0.8043,0.1688,17,0.5585,1.0,0.028266205936920308,0.9660492994606823
1861,0.8029,0.1618,16,0.6011,1.0,0.029666205936920376,0.9643677515068777
1862,0.7678,0.1792,17,0.5558,1.0,0.06476620593692028,0.9222089420936366
1867,0.7945,0.1593,17,0.5972,1.0,0.03806620593692034,0.9542784637840508
1868,0.8094,0.1565,16,0.6065,1.0,0.023166205936920314,0.9721749384352558
1871,0.7113,0.2032,16,0.4359,1.0,0.12126620593692028,0.8543464711008123
1872,0.8193,0.158,17,0.5855,1.0,0.013266205936920294,0.9840658846800162
1880,0.8173,0.1625,17,0.5631,1.0,0.015266205936920296,0.9816636733174383
1887,0.7778,0.1549,16,0.6162,1.0,0.054766205936920276,0.9342199989065259
1888,0.8225,0.1564,17,0.5918,1.0,0.010066205936920314,0.9879094228601407
1892,0.7892,0.1465,16,0.6437,1.0,0.04336620593692031,0.9479126036732195
1893,0.7832,0.1643,17,0.5913,1.0,0.049366205936920315,0.9407059695854859
1897,0.7826,0.1497,16,0.6286,1.0,0.04996620593692036,0.9399853061767125
1898,0.8268,0.1449,17,0.5998,1.0,0.005766205936920343,0.9930741772896831
1899,0.7902,0.1489,16,0.6201,1.0,0.04236620593692031,0.9491137093545085
1901,0.8148,0.1459,16,0.6339,1.0,0.017766205936920354,0.978660909114216
1902,0.7774,0.1904,17,0.5011,1.0,0.05516620593692034,0.9337395566340102
1906,0.8224,0.1619,17,0.5504,1.0,0.010166205936920303,0.9877893122920118
1907,0.7866,0.163,17,0.6053,1.0,0.04596620593692036,0.9447897289018683
1908,0.8642,0.1422,17,0.6129,1.0,0.031633794063079645,0.9620044702301112
1911,0.7861,0.1635,17,0.6072,1.0,0.0464662059369203,0.9441891760612239
1912,0.7667,0.1812,17,0.5316,1.0,0.06586620593692027,0.9208877258442187
1915,0.7596,0.1721,16,0.5303,1.0,0.07296620593692027,0.9123598755070674
1916,0.8019,0.1548,17,0.6181,1.0,0.030666205936920377,0.9631666458255888
1917,0.8148,0.151,16,0.6207,1.0,0.017766205936920354,0.978660909114216
1923,0.7766,0.1582,16,0.5872,1.0,0.055966205936920366,0.932778672088979
1924,0.7984,0.1544,17,0.628,1.0,0.034166205936920324,0.9589627759410776
1928,0.783,0.1515,16,0.6254,1.0,0.04956620593692029,0.9404657484492283
1929,0.7714,0.1613,16,0.6079,1.0,0.06116620593692035,0.9265329225462766
1930,0.8415,0.1364,16,0.6518,1.0,0.008933794063079703,0.9892695691953697
1931,0.8109,0.1453,16,0.6559,1.0,0.02166620593692037,0.9739765969571891
1937,0.7206,0.1926,17,0.4154,1.0,0.1119662059369203,0.8655167539367993
1938,0.8147,0.1567,17,0.5908,1.0,0.017866205936920343,0.9785407985460871
1943,0.8122,0.1524,17,0.6032,1.0,0.02036620593692029,0.9755380343428648
1945,0.8121,0.1518,17,0.5822,0.9986,0.02046620593692028,0.9754179237747359
1946,0.8074,0.1513,16,0.6389,1.0,0.025166205936920316,0.9697727270726779
1951,0.8617,0.1299,16,0.6593,0.9979,0.0291337940630797,0.9650072344333335
1953,0.8449,0.1366,16,0.6557,1.0,0.012333794063079662,0.9851858098789874
1958,0.8746,0.13,17,0.66,1.0,0.04203379406307972,0.9495129711447062
1960,0.8789,0.1258,17,0.6615,1.0,0.04633379406307969,0.9443482167151639
1961,0.9065,0.1237,16,0.6213,1.0,0.07393379406307965,0.9111976999115896
1970,0.8479,0.1336,17,0.6552,1.0,0.015333794063079664,0.9815824928351207
1972,0.8785,0.1248,17,0.6596,1.0,0.045933794063079625,0.9448286589876795
1974,0.8815,0.1277,16,0.6448,1.0,0.04893379406307963,0.9412253419438128
1978,0.8795,0.1331,17,0.6581,1.0,0.046933794063079626,0.9436275533063907
1979,0.8951,0.1295,17,0.6591,1.0,0.06253379406307968,0.9248903046782834
1980,0.8809,0.1305,17,0.6577,1.0,0.048333794063079694,0.9419460053525861
1981,0.8838,0.1304,17,0.6591,1.0,0.05123379406307971,0.9384627988768481
1982,0.8955,0.1306,17,0.6422,1.0,0.06293379406307964,0.9244098624057678
1983,0.8958,0.1365,17,0.6375,1.0,0.06323379406307972,0.9240495307013811
1991,0.8864,0.1377,17,0.6356,1.0,0.05383379406307964,0.935339924105497
1992,0.8861,0.1407,17,0.619,1.0,0.053533794063079676,0.9357002558098837
1993,0.8933,0.1308,16,0.6066,1.0,0.06073379406307966,0.9270522949046034
1998,0.8826,0.1321,16,0.652,1.0,0.05003379406307973,0.9399041256943949
2000,0.8938,0.1273,16,0.6401,1.0,0.061233794063079716,0.9264517420639589
2005,0.8403,0.139,16,0.6515,1.0,0.007733794063079724,0.9907108960129164
2006,0.8654,0.1381,16,0.6523,1.0,0.032833794063079624,0.9605631434125645
2007,0.8447,0.1231,17,0.6453,1.0,0.012133794063079684,0.9854260310152452
2008,0.8531,0.1395,17,0.6519,1.0,0.020533794063079647,0.9753367432924183
2011,0.8419,0.1416,16,0.6489,1.0,0.009333794063079659,0.9887891269228541
2015,0.8686,0.1378,17,0.6366,1.0,0.036033794063079716,0.9567196052324398
2016,0.8446,0.1463,17,0.6398,1.0,0.012033794063079695,0.9855461415833741
2021,0.8818,0.1331,17,0.6232,1.0,0.049233794063079706,0.940865010239426
2026,0.86,0.1584,17,0.5661,1.0,0.027433794063079664,0.9670491140915246
2027,0.8864,0.1361,16,0.5894,1.0,0.05383379406307964,0.935339924105497
2031,0.9077,0.114,17,0.645,1.0,0.07513379406307963,0.909756373094043
2032,0.9037,0.1391,17,0.5759,1.0,0.07113379406307963,0.9145607958191987
2033,0.9259,0.1316,16,0.6118,1.0,0.09333379406307962,0.8878962496945846
2037,0.8826,0.1465,16,0.6119,1.0,0.05003379406307973,0.9399041256943949
2038,0.8882,0.1441,17,0.622,1.0,0.05563379406307967,0.9331779338791769
2039,0.8634,0.1696,17,0.5496,1.0,0.030833794063079623,0.9629653547751423
2045,0.8696,0.1621,17,0.5381,1.0,0.03703379406307972,0.9555184995511509
2046,0.6872,0.2137,16,0.43,0.9966,0.1453662059369203,0.8253998241817492
2051,0.8739,0.1325,17,0.6555,1.0,0.04133379406307969,0.9503537451216085
2055,0.8902,0.1281,16,0.6487,1.0,0.05763379406307967,0.9307757225165991
2056,0.8921,0.1335,17,0.6469,1.0,0.05953379406307968,0.9284936217221501
2057,0.8962,0.1298,16,0.6018,1.0,0.06363379406307967,0.9235690884288655
2061,0.9058,0.1242,16,0.6317,1.0,0.07323379406307973,0.9120384738884918
2063,0.8855,0.1441,16,0.5585,1.0,0.05293379406307963,0.9364209192186571
2064,0.7884,0.1674,17,0.5636,1.0,0.04416620593692033,0.9469517191281883
2065,0.7816,0.1557,16,0.6158,1.0,0.05096620593692036,0.9387842004954237
2066,0.7831,0.1536,16,0.6126,1.0,0.049466205936920304,0.940585859017357
2067,0.734,0.1834,17,0.4627,1.0,0.09856620593692034,0.8816115700660708
2068,0.8149,0.1485,16,0.6077,1.0,0.017666205936920365,0.9787810196823448
2077,0.8969,0.123,17,0.6594,1.0,0.06433379406307971,0.9227283144519632
2080,0.8924,0.1294,16,0.6088,1.0,0.05983379406307965,0.9281332900177635
2081,0.9072,0.1301,17,0.6129,1.0,0.07463379406307968,0.9103569259346873
2084,0.8973,0.1299,17,0.5774,1.0,0.06473379406307966,0.9222478721794477
2085,0.8641,0.1555,16,0.5946,1.0,0.031533794063079656,0.96212458079824
2088,0.9091,0.1258,17,0.6313,1.0,0.0765337940630797,0.9080748251402384
2089,0.8812,0.133,17,0.6148,1.0,0.04863379406307966,0.9415856736481995
2095,0.8135,0.155,16,0.5584,1.0,0.019066205936920322,0.9770994717285404
2096,0.8702,0.1455,16,0.627,1.0,0.03763379406307965,0.9547978361423777
2097,0.8465,0.141,16,0.6569,1.0,0.013933794063079707,0.983264040788925
2098,0.8564,0.1567,16,0.5948,1.0,0.023833794063079727,0.9713730945441647
2101,0.8394,0.1635,17,0.6079,1.0,0.006833794063079712,0.9917918911260765
2106,0.8833,0.139,17,0.6445,1.0,0.05073379406307965,0.9390633517174927
2107,0.8886,0.1434,17,0.5988,1.0,0.05603379406307962,0.9326974916066615
2110,0.795,0.1455,16,0.6433,1.0,0.03756620593692028,0.9548790166246953
2111,0.8079,0.1695,17,0.5089,1.0,0.02466620593692037,0.9703732799133223
2117,0.7686,0.1636,16,0.58,1.0,0.06396620593692037,0.9231698266386676
2118,0.8225,0.1605,17,0.5263,1.0,0.010066205936920314,0.9879094228601407
2119,0.8971,0.1259,16,0.6118,1.0,0.06453379406307969,0.9224880933157055
2120,0.8921,0.1387,17,0.5862,1.0,0.05953379406307968,0.9284936217221501
2121,0.8095,0.1588,16,0.534,1.0,0.023066205936920325,0.9722950490033847
2137,0.7507,0.2109,16,0.4037,1.0,0.08186620593692029,0.901670034943596
2139,0.7856,0.2305,17,0.4029,1.0,0.04696620593692036,0.9435886232205793
2141,0.7453,0.1848,17,0.5535,1.0,0.08726620593692036,0.8951840642646356
2142,0.8294,0.213,17,0.4915,1.0,0.0031662059369202966,0.9961970520610343
2143,0.7271,0.2511,17,0.3835,1.0,0.10546620593692035,0.8733239408651772
2145,0.9372,0.1212,16,0.6284,1.0,0.10463379406307971,0.8743237554960196
2146,0.7859,0.2114,16,0.4356,1.0,0.04666620593692028,0.9439489549249661
2149,0.9012,0.1231,17,0.6481,1.0,0.06863379406307968,0.9175635600224209
2150,0.7966,0.1623,16,0.5642,1.0,0.03596620593692035,0.9568007857147575
2151,0.7913,0.155,17,0.5994,1.0,0.04126620593692032,0.9504349256039263
2152,0.8153,0.1486,16,0.6234,1.0,0.017266205936920298,0.9792614619548604
2153,0.8108,0.153,16,0.6159,1.0,0.021766205936920358,0.9738564863890602
2154,0.835,0.1455,17,0.6071,1.0,0.0024337940630796417,0.9970767561237478
2155,0.7822,0.169,17,0.5913,1.0,0.050366205936920316,0.9395048639041971
2156,0.7666,0.162,17,0.5962,1.0,0.06596620593692037,0.9207676152760897
2157,0.7996,0.1445,16,0.6408,1.0,0.032966205936920345,0.9604041027586243
2158,0.8122,0.1955,17,0.5108,1.0,0.02036620593692029,0.9755380343428648
2159,0.8679,0.1409,17,0.5475,1.0,0.03533379406307968,0.9575603792093421
2160,0.8909,0.1424,16,0.6006,1.0,0.0583337940630797,0.9299349485396968
2161,0.8807,0.1377,17,0.6452,1.0,0.048133794063079716,0.9421862264888439
2162,0.8609,0.148,16,0.6408,1.0,0.028333794063079676,0.9659681189783645
2163,0.9045,0.1611,16,0.526,1.0,0.07193379406307965,0.9135999112741675
2164,0.8349,0.1702,16,0.595,1.0,0.0023337940630796528,0.9971968666918767
2165,0.8127,0.1804,16,0.5614,1.0,0.019866205936920345,0.9761385871835092
2166,0.8208,0.1626,17,0.5637,1.0,0.011766205936920349,0.9858675432019495
2167,0.8194,0.1785,16,0.5536,1.0,0.013166205936920305,0.9841859952481451
2168,0.8117,0.2008,17,0.5253,1.0,0.020866205936920346,0.9749374815022203
2169,0.8796,0.1375,17,0.6325,1.0,0.047033794063079726,0.9435074427382616
2170,0.8762,0.1722,17,0.5272,1.0,0.043633794063079656,0.9475912020546441
2171,0.8301,0.1684,16,0.5018,1.0,0.0024662059369203737,0.9970378260379364
2172,0.8646,0.1669,16,0.4655,1.0,0.03203379406307971,0.9615240279575955
2173,0.8204,0.1617,16,0.502,1.0,0.012166205936920305,0.9853871009294339
2174,0.8396,0.1809,17,0.4706,1.0,0.00703379406307969,0.9915516699898187
2175,0.9379,0.0928,14,0.6321,1.0,0.10533379406307963,0.8734829815191174
2176,0.8268,0.1856,16,0.5106,1.0,0.005766205936920343,0.9930741772896831
2177,0.9184,0.1104,17,0.6893,1.0,0.08583379406307967,0.8969045423042514
2178,0.7455,0.2236,17,0.3845,1.0,0.08706620593692027,0.8954242854008936
2179,0.8843,0.1422,17,0.5802,1.0,0.05173379406307965,0.9378622460362038
2180,0.7235,0.1876,16,0.5222,1.0,0.10906620593692029,0.8689999604125371
2181,0.86,0.1565,17,0.5919,1.0,0.027433794063079664,0.9670491140915246
2182,0.8608,0.1565,16,0.5787,1.0,0.028233794063079687,0.9660882295464934
2183,0.8691,0.1479,16,0.6414,1.0,0.03653379406307966,0.9561190523917954
2184,0.7703,0.1738,16,0.5612,1.0,0.06226620593692034,0.9252117062968588
2185,0.7595,0.1862,17,0.5148,1.0,0.07306620593692037,0.9122397649389383
2186,0.8796,0.1459,17,0.6071,1.0,0.047033794063079726,0.9435074427382616
2187,0.8309,0.162,17,0.5834,1.0,0.0016662059369203508,0.9979987105829676
2188,0.7565,0.1736,16,0.5692,1.0,0.07606620593692037,0.9086364478950716
2189,0.8124,0.165,16,0.5991,1.0,0.02016620593692031,0.9757782554791226
2190,0.8064,0.1802,17,0.5582,1.0,0.026166205936920317,0.968571621391389
2191,0.7536,0.2131,16,0.4514,1.0,0.07896620593692028,0.9051532414193338
2192,0.8463,0.1684,16,0.5138,1.0,0.01373379406307973,0.9835042619251828
2193,0.8448,0.1596,17,0.5813,1.0,0.012233794063079673,0.9853059204471163
2194,0.776,0.1919,17,0.435,1.0,0.0565662059369203,0.9320580086802057
2195,0.789,0.1932,16,0.4747,1.0,0.04356620593692029,0.9476723825369617
2196,0.7352,0.1748,16,0.5741,1.0,0.09736620593692036,0.8830528968836175
2197,0.8203,0.139,17,0.6658,1.0,0.012266205936920294,0.985266990361305
2198,0.8273,0.1609,17,0.5842,1.0,0.005266205936920287,0.9936747301303276
2199,0.812,0.1422,17,0.6514,1.0,0.020566205936920268,0.975297813206607
2200,0.7924,0.176,17,0.5152,1.0,0.04016620593692033,0.951756141853344
2201,0.8808,0.1428,16,0.584,1.0,0.048233794063079705,0.942066115920715
2202,0.8091,0.1491,17,0.6479,1.0,0.02346620593692028,0.9718146067308692
2203,0.8327,0.1609,17,0.6244,1.0,0.000133794063079673,0.9998392991907122
2204,0.8476,0.1403,16,0.663,1.0,0.015033794063079697,0.9819428245395073
2205,0.8539,0.1742,17,0.5431,1.0,0.02133379406307967,0.9743758587473871
2206,0.8626,0.1457,16,0.6237,1.0,0.03003379406307971,0.9639262393201734
2207,0.7652,0.182,16,0.4678,0.9749,0.06736620593692033,0.9190860673222853
2208,0.8423,0.1729,17,0.5369,1.0,0.009733794063079726,0.9883086846503385
2209,0.8385,0.1739,16,0.5533,1.0,0.0059337940630797,0.9928728862392365
2210,0.8414,0.1752,16,0.5604,1.0,0.008833794063079714,0.9893896797634986
2211,0.8254,0.1406,16,0.5372,1.0,0.0071662059369203,0.9913926293358786
2212,0.796,0.1893,17,0.4338,0.9978,0.03656620593692028,0.9560801223059843
2213,0.8687,0.1407,17,0.5408,1.0,0.036133794063079705,0.9565994946643109
2214,0.8324,0.1708,16,0.576,1.0,0.00016620593692029395,0.9998003691049011
2215,0.8596,0.1478,17,0.5981,1.0,0.027033794063079708,0.9675295563640401
2216,0.8981,0.117,16,0.6677,1.0,0.06553379406307969,0.9212869876344165
2217,0.8724,0.1188,17,0.6471,1.0,0.03983379406307963,0.952155403643542
2218,0.9073,0.1343,17,0.5826,1.0,0.07473379406307967,0.9102368153665585
2219,0.8836,0.1491,16,0.56,1.0,0.05103379406307973,0.9387030200131059
2220,0.875,0.1521,17,0.5542,1.0,0.04243379406307968,0.9490325288721908
2221,0.8661,0.1468,17,0.6282,1.0,0.03353379406307966,0.9597223694356622
2222,0.8303,0.1233,17,0.6215,0.9788,0.0022662059369202847,0.9972780471741943
2223,0.8472,0.1393,17,0.6128,1.0,0.01463379406307963,0.982423266812023
2224,0.8989,0.125,17,0.6223,1.0,0.06633379406307971,0.9203261030893854
2226,0.8635,0.1383,16,0.5948,0.9965,0.030933794063079723,0.9628452442070133
2227,0.8719,0.1307,17,0.6341,1.0,0.039333794063079686,0.9527559564841864
2228,0.7512,0.1662,17,0.5685,1.0,0.08136620593692034,0.9022705877842403
2229,0.8522,0.1526,16,0.5457,1.0,0.019633794063079635,0.9764177384055783
2230,0.8908,0.1265,16,0.6303,1.0,0.058233794063079714,0.9300550591078257
2231,0.8883,0.1395,17,0.585,1.0,0.055733794063079656,0.933057823311048
2232,0.8832,0.1315,17,0.5887,1.0,0.05063379406307966,0.9391834622856216
2233,0.8997,0.1304,17,0.6054,1.0,0.06713379406307973,0.9193652185443543
2234,0.8785,0.1455,17,0.587,1.0,0.045933794063079625,0.9448286589876795
2235,0.821,0.1473,16,0.6129,1.0,0.01156620593692037,0.9861077643382072
2236,0.8685,0.1473,17,0.6135,1.0,0.03593379406307973,0.9568397158005687
2237,0.8921,0.1316,17,0.5955,1.0,0.05953379406307968,0.9284936217221501
2238,0.8483,0.1543,17,0.5362,1.0,0.01573379406307973,0.981102050562605
2239,0.8725,0.1305,17,0.6314,1.0,0.03993379406307973,0.952035293075413
2240,0.8578,0.1467,16,0.6017,1.0,0.025233794063079684,0.9696915465903603
2241,0.8318,0.1474,17,0.5925,1.0,0.0007662059369203389,0.9990797056961277
2242,0.8687,0.1439,17,0.5613,1.0,0.036133794063079705,0.9565994946643109
2243,0.913,0.13,17,0.5992,1.0,0.08043379406307971,0.9033905129832116
2244,0.8445,0.1721,17,0.5868,1.0,0.011933794063079706,0.9856662521515029
2245,0.8453,0.1742,16,0.576,1.0,0.012733794063079729,0.9847053676064718
2246,0.8801,0.1343,17,0.617,1.0,0.04753379406307967,0.9429068898976173
2247,0.8903,0.127,17,0.6281,1.0,0.05773379406307966,0.9306556119484702
2248,0.8998,0.1459,17,0.58,1.0,0.06723379406307972,0.9192451079762254
2249,0.7953,0.1884,16,0.5045,1.0,0.037266205936920316,0.955239348329082
2250,0.8284,0.1539,16,0.5956,0.9949,0.0041662059369202975,0.9949959463797454
2251,0.8394,0.1503,16,0.6215,1.0,0.006833794063079712,0.9917918911260765
2252,0.7953,0.1929,16,0.5149,1.0,0.037266205936920316,0.955239348329082
2253,0.871,0.1435,17,0.6445,1.0,0.038433794063079674,0.9538369515973465
2254,0.8496,0.155,17,0.617,1.0,0.0170337940630797,0.9795406131769294
2255,0.7964,0.1879,16,0.5421,0.9955,0.036166205936920326,0.9565605645784998
2256,0.8518,0.159,16,0.6076,1.0,0.01923379406307968,0.9768981806780938
2257,0.8555,0.1552,17,0.5841,1.0,0.022933794063079715,0.9724540896573247
2258,0.791,0.1839,17,0.4747,1.0,0.041566205936920286,0.9500745938995396
2259,0.924,0.1063,16,0.6804,1.0,0.09143379406307972,0.8901783504890334
2260,0.8218,0.167,17,0.5934,1.0,0.010766205936920348,0.9870686488832384
2261,0.8716,0.15,16,0.6086,1.0,0.03903379406307972,0.9531162881885731
2262,0.8492,0.1509,17,0.6403,1.0,0.016633794063079632,0.9800210554494451
2263,0.85,0.1547,16,0.6077,1.0,0.017433794063079655,0.9790601709044139
2264,0.8938,0.1319,16,0.6496,1.0,0.061233794063079716,0.9264517420639589
2265,0.8129,0.1688,16,0.5841,1.0,0.019666205936920367,0.976378808319767
2266,0.7399,0.1786,16,0.5402,1.0,0.09266620593692032,0.8886980935856755
2267,0.8696,0.1502,16,0.613,1.0,0.03703379406307972,0.9555184995511509
2268,0.806,0.1511,16,0.6222,1.0,0.026566205936920273,0.9680911791188735
2269,0.8415,0.1692,17,0.5809,1.0,0.008933794063079703,0.9892695691953697
2270,0.7542,0.2162,17,0.391,1.0,0.07836620593692034,0.9058739048281071
2271,0.8865,0.1325,16,0.6424,1.0,0.05393379406307963,0.9352198135373682
2272,0.8411,0.16,17,0.5906,1.0,0.008533794063079636,0.9897500114678853
2273,0.81,0.1646,17,0.5469,1.0,0.02256620593692027,0.9728956018440292
2274,0.8548,0.148,17,0.618,1.0,0.02223379406307968,0.973294863634227
2275,0.7458,0.2078,16,0.446,0.9955,0.0867662059369203,0.8957846171052801
2276,0.8313,0.1748,16,0.5514,1.0,0.0012662059369202838,0.9984791528554833
2278,0.8205,0.1444,16,0.6454,1.0,0.012066205936920316,0.9855072114975628
2279,0.7134,0.2093,17,0.4848,1.0,0.11916620593692029,0.8568687930315191
2280,0.7116,0.195,17,0.4893,1.0,0.12096620593692031,0.854706802805199
2281,0.8408,0.1677,17,0.5391,1.0,0.008233794063079669,0.990110343172272
2282,0.8794,0.1617,17,0.4981,1.0,0.04683379406307964,0.9437476638745195
2283,0.8679,0.1671,17,0.5472,1.0,0.03533379406307968,0.9575603792093421
2284,0.7476,0.2107,17,0.4194,1.0,0.08496620593692028,0.8979466073316003
2285,0.8696,0.144,16,0.5856,1.0,0.03703379406307972,0.9555184995511509
2286,0.9012,0.1388,16,0.5987,1.0,0.06863379406307968,0.9175635600224209
2287,0.8579,0.1533,17,0.5664,1.0,0.025333794063079673,0.9695714360222314
2288,0.8832,0.1396,16,0.6356,1.0,0.05063379406307966,0.9391834622856216
2289,0.8599,0.1469,17,0.6205,1.0,0.027333794063079675,0.9671692246596535
2290,0.8284,0.1655,17,0.5636,1.0,0.0041662059369202975,0.9949959463797454
2291,0.9079,0.1068,15,0.6546,1.0,0.07533379406307972,0.909516151957785
2292,0.8402,0.1678,17,0.5324,1.0,0.007633794063079624,0.9908310065810454
2293,0.832,0.1582,16,0.5767,0.9946,0.0005662059369203609,0.9993199268323855
2294,0.8433,0.1694,16,0.5319,1.0,0.010733794063079727,0.9871075789690497
2295,0.8455,0.1572,17,0.5713,1.0,0.012933794063079707,0.984465146470214
2296,0.855,0.158,16,0.5786,1.0,0.02243379406307966,0.9730546424979692
2297,0.8504,0.1671,17,0.508,1.0,0.017833794063079722,0.9785797286318982
2298,0.8175,0.1952,16,0.4588,1.0,0.015066205936920318,0.9819038944536961
2299,0.8783,0.1358,17,0.6225,1.0,0.04573379406307965,0.9450688801239373
2300,0.843,0.1624,17,0.5918,1.0,0.010433794063079649,0.9874679106734364
2301,0.876,0.1434,17,0.6122,1.0,0.04343379406307968,0.9478314231909019
2302,0.8406,0.1622,17,0.5444,1.0,0.008033794063079691,0.9903505643085297
2303,0.8277,0.1615,16,0.5854,1.0,0.004866205936920331,0.9941551724028431
2304,0.7971,0.1667,17,0.5954,0.9911,0.03546620593692029,0.957401338555402
2305,0.8241,0.1805,17,0.5096,1.0,0.008466205936920268,0.9898311919502031
2306,0.8075,0.1615,17,0.5757,1.0,0.025066205936920327,0.9698928376408068
2307,0.7461,0.1973,16,0.4748,0.9877,0.08646620593692034,0.8961449488096668
2308,0.8081,0.173,17,0.5435,1.0,0.024466205936920282,0.9706135010495802
2309,0.9052,0.1198,16,0.6515,1.0,0.07263379406307968,0.9127591372972652
2310,0.8273,0.1509,17,0.5956,1.0,0.005266205936920287,0.9936747301303276
2311,0.8166,0.1404,17,0.6585,1.0,0.01596620593692033,0.980822899340536
2312,0.9212,0.1273,15,0.573,1.0,0.0886337940630797,0.8935414463966425
2313,0.8564,0.1286,17,0.6806,1.0,0.023833794063079727,0.9713730945441647
2314,0.7391,0.1959,16,0.4639,1.0,0.09346620593692034,0.8877372090406443
2315,0.919,0.1285,15,0.5824,1.0,0.08643379406307972,0.896183878895478
2316,0.8851,0.1384,17,0.6126,1.0,0.052533794063079675,0.9369013614911726
2317,0.7983,0.1578,17,0.6075,1.0,0.03426620593692031,0.9588426653729487
2318,0.8949,0.1504,15,0.4814,1.0,0.062333794063079706,0.9251305258145411
2319,0.8779,0.1636,17,0.5295,1.0,0.04533379406307969,0.9455493223964528
2320,0.9005,0.1444,16,0.5718,1.0,0.06793379406307964,0.9184043339993232
2321,0.8864,0.1315,17,0.6113,1.0,0.05383379406307964,0.935339924105497
2322,0.8755,0.1437,17,0.5617,1.0,0.04293379406307962,0.9484319760315464
2323,0.8991,0.1344,16,0.5979,1.0,0.06653379406307969,0.9200858819531277
2324,0.906,0.1233,16,0.6334,1.0,0.0734337940630797,0.911798252752234
2325,0.8831,0.1436,17,0.589,1.0,0.05053379406307967,0.9393035728537504
2326,0.8191,0.1636,16,0.5577,0.9974,0.013466205936920272,0.9838256635437584
2327,0.8743,0.1634,16,0.5127,1.0,0.04173379406307964,0.949873302849093
2328,0.8532,0.1497,16,0.6196,1.0,0.020633794063079636,0.9752166327242894
2329,0.8874,0.1375,17,0.604,1.0,0.054833794063079644,0.9341388184242081
2330,0.696,0.1355,9,0.5596,1.0,0.13656620593692037,0.8359695541770916
